hex_id,population,men_pct,women_pct,age_0_17_pct,age_18_24_pct,age_25_34_pct,age_35_44_pct,age_45_54_pct,age_55_99_pct,income_low_pct,income_below_avg_pct,income_above_avg_pct,income_high_pct,income_premium_pct,pedestrian_traffic_day,auto_traffic_day,ll,z,scraped_at
"608278973905895423",39000,51.18,48.82,4.84,22.71,43.34,14.09,7.07,7.95,9.1,40.87,31.92,16.86,1.25,97000,37000,"49.100082,55.783671",13,"2026-09-29T19:06:03.717Z"
"608278970164576255",61000,51.29,48.71,8.03,18.77,40.41,17.25,8.16,7.38,8.7,48.1,32.93,9.8,0.47,42000,33000,"49.100082,55.783671",13,"2026-09-29T19:06:01.592Z"
"608278970181353471",18000,51.27,48.73,8.33,14.48,45.85,20.77,5.91,4.66,7.32,39.94,35.56,16.39,0.79,13000,13000,"49.100082,55.783671",13,"2026-09-29T19:06:01.959Z"
"608278973855563775",9500,53.05,46.95,6.75,23.38,41.19,12.99,7.09,8.6,10.7,47.75,31.31,9.68,0.56,27000,18000,"49.100082,55.783671",13,"2026-09-29T19:06:02.320Z"
"608278973872340991",16000,52.48,47.52,4.11,22.03,42.9,13.2,8.43,9.33,8.93,34.55,31.76,22.83,1.93,89000,29000,"49.100082,55.783671",13,"2026-09-29T19:06:02.947Z"
"608278973889118207",5000,54.66,45.34,6.76,21.99,42.81,14.46,6.62,7.36,9.39,48.07,32.58,9.23,0.73,9500,3800,"49.100082,55.783671",13,"2026-09-29T19:06:03.328Z"
"608278973922672639",2800,51.76,48.24,8.27,17.82,35.09,18.41,9.72,10.69,9.51,48.58,32.26,9.26,0.39,2800,1900,"49.100082,55.783671",13,"2026-09-29T19:06:04.086Z"
"608278973939449855",15000,51.86,48.14,5.98,17.23,42.91,16.8,8.81,8.27,8.2,42.07,31.75,16.8,1.18,16000,25000,"49.100082,55.783671",13,"2026-09-29T19:06:04.450Z"
"608278973989781503",54000,51.46,48.54,5.46,22.86,41.94,14.59,7.23,7.92,9.52,43.86,32.39,13.47,0.76,49000,33000,"49.100082,55.783671",13,"2026-09-29T19:06:04.799Z"
"608278974006558719",5500,53.57,46.43,8.09,15.03,37.4,17.54,10.51,11.43,6.76,37.74,36.68,17.64,1.18,3000,1400,"49.100082,55.783671",13,"2026-09-29T19:06:05.192Z"
"608278974023335935",30000,51.6,48.4,5.56,20.46,46.4,15.93,6.38,5.27,7.52,37.18,32.87,21.2,1.23,28000,24000,"49.100082,55.783671",13,"2026-09-29T19:06:05.535Z"
"608278974040113151",31000,51.62,48.38,7.49,17.63,45.9,17.85,6.17,4.96,7.99,42.26,34.5,14.65,0.6,24000,28000,"49.100082,55.783671",13,"2026-09-29T19:06:05.884Z"
"608278974056890367",35000,51.07,48.93,5.5,17.62,47.23,16.53,7.08,6.04,7.07,33.4,33.11,24.91,1.51,32000,35000,"49.100082,55.783671",13,"2026-09-29T19:06:06.256Z"
"608278974073667583",3400,50.94,49.06,6.02,28.29,34.26,14.68,7.84,8.91,11.15,47.17,31.94,9.24,0.5,15000,26000,"49.100082,55.783671",13,"2026-09-29T19:06:06.645Z"
"608278974090444799",45000,51.69,48.31,4.43,26.45,40.62,12.88,7.18,8.44,10.45,41.45,31.15,15.97,0.98,59000,33000,"49.100082,55.783671",13,"2026-09-29T19:06:07.007Z"
"608278974274994175",41000,50.45,49.55,6.21,19.19,43.99,15.94,7.06,7.61,8.39,46.21,32.52,12.19,0.69,42000,32000,"49.100082,55.783671",13,"2026-09-29T19:06:07.394Z"
"608278974342103039",43000,50.26,49.74,6.17,20.18,42.86,15.76,7.29,7.74,8.89,45.67,31.79,13,0.65,38000,34000,"49.100082,55.783671",13,"2026-09-29T19:06:07.883Z"
"608278974392434687",500,59.03,40.97,5.71,12.38,39.05,23.81,10.48,8.57,6.79,41.18,38.46,12.67,0.9,150,800,"49.100082,55.783671",13,"2026-09-29T19:06:08.287Z"
"608278974409211903",24000,50.5,49.5,8.01,16.65,37.55,18.2,9.05,10.54,9.93,51.06,30.74,7.86,0.41,21000,18000,"49.100082,55.783671",13,"2026-09-29T19:06:08.675Z"
"608278974425989119",1000,53.49,46.51,8.38,14.08,34.22,20.39,11.04,11.89,9.47,47.25,31.72,10.68,0.88,800,1600,"49.100082,55.783671",13,"2026-09-29T19:06:09.403Z"
"608278974442766335",8000,52.69,47.31,7.72,17.17,36.68,18.13,9.79,10.51,9.82,50.18,31.91,7.74,0.35,9500,17000,"49.100082,55.783671",13,"2026-09-29T19:06:09.789Z"
"608278974476320767",,,,,,,,,,,,,,,350,14000,"49.100082,55.783671",13,"2026-09-29T19:06:10.176Z"
"608278974493097983",2000,51.46,48.54,5.92,12.77,41.14,20.6,8.98,10.59,5.76,37.73,32.98,22.22,1.31,1500,1600,"49.100082,55.783671",13,"2026-09-29T19:06:10.568Z"
"608278974526652415",43000,51.37,48.63,7.21,18.22,40.65,16.81,7.83,9.28,9.52,51.48,31.08,7.54,0.38,32000,16000,"49.100082,55.783671",13,"2026-09-29T19:06:11.190Z"
"608278974543429631",,,,,,,,,,,,,,,2800,6500,"49.100082,55.783671",13,"2026-09-29T19:06:11.537Z"
"608278974560206847",60000,50.41,49.59,6.68,19.12,40.48,16.53,8.19,9,8.93,42.79,32.66,14.71,0.91,59000,39000,"49.100082,55.783671",13,"2026-09-29T19:06:11.917Z"
"608278974576984063",84000,50.64,49.36,7.42,17.36,38.1,17.25,9.08,10.79,9.11,47.2,33.68,9.54,0.47,50000,27000,"49.100082,55.783671",13,"2026-09-29T19:06:12.295Z"
"608278974593761279",24000,50.48,49.52,8.09,16.36,40.66,18.51,7.89,8.49,9.34,50.52,31.53,8.25,0.36,26000,12000,"49.100082,55.783671",13,"2026-09-29T19:06:12.648Z"
"608278974610538495",55000,49.74,50.26,9.19,17.43,36.3,18.68,8.79,9.61,10.02,52.88,29.9,6.89,0.31,35000,13000,"49.100082,55.783671",13,"2026-09-29T19:06:13.152Z"
"608278974627315711",86000,50.09,49.91,7.11,17.72,39.22,16.76,8.84,10.35,9.54,47.89,31.9,10.17,0.5,64000,31000,"49.100082,55.783671",13,"2026-09-29T19:06:13.511Z"
"608278974962860031",,,,,,,,,,,,,,,250,250,"49.100082,55.783671",13,"2026-09-29T19:06:13.885Z"
"608278975029968895",1100,54.47,45.53,9.23,14.27,36.36,21.45,9.31,9.38,7.77,46.3,35.87,9.54,0.52,1100,4400,"49.100082,55.783671",13,"2026-09-29T19:06:14.380Z"
"608278975197741055",1700,54.54,45.46,8.06,10.46,48.26,21.02,6.97,5.23,5.34,30.46,36.04,26.58,1.58,450,250,"49.100082,55.783671",13,"2026-09-29T19:06:14.755Z"
"608278975214518271",900,55.99,44.01,11.19,10.19,38.3,23.07,9.41,7.84,8.36,39.94,39.09,12.08,0.53,500,200,"49.100082,55.783671",13,"2026-09-29T19:06:15.183Z"
"608278975231295487",5000,54.36,45.64,9.8,11.78,41.65,22.25,7.35,7.17,7.07,39.15,38.01,15.11,0.66,1700,8000,"49.100082,55.783671",13,"2026-09-29T19:06:15.846Z"
"608278975248072703",600,55.71,44.29,10.24,9.94,46.54,21.18,7.06,5.04,6.96,35.41,37.93,18.81,0.89,250,150,"49.100082,55.783671",13,"2026-09-29T19:06:16.224Z"
"608278975264849919",5500,52.62,47.38,9.41,14.39,34.92,19.32,10.01,11.95,8.24,40.25,37.7,13.24,0.57,2600,1000,"49.100082,55.783671",13,"2026-09-29T19:06:16.601Z"
"608278975281627135",2800,54.61,45.39,9.29,11.48,41.37,21.92,8.54,7.4,7.84,36.04,36.33,18.55,1.24,600,300,"49.100082,55.783671",13,"2026-09-29T19:06:16.975Z"
"608278975298404351",3400,53.23,46.77,10.41,14.53,36.29,20.96,9.13,8.68,7.97,40.87,37.39,13.1,0.67,3200,1600,"49.100082,55.783671",13,"2026-09-29T19:06:17.442Z"
"608278975432622079",200,54.5,45.5,10.72,10.2,40.31,23.47,7.14,8.16,5.15,37.63,42.27,13.92,1.03,250,700,"49.100082,55.783671",13,"2026-09-29T19:06:17.816Z"
"608278975499730943",1700,53.9,46.1,8.71,11.76,34.12,19.37,10.2,15.84,9.56,39.06,38.31,11.8,1.27,600,4400,"49.100082,55.783671",13,"2026-09-29T19:06:18.356Z"
"608278975566839807",1100,52.38,47.62,3.84,11.54,42.31,20.51,10.26,11.54,6.75,47.19,32.58,13.48,0,200,2000,"49.100082,55.783671",13,"2026-09-29T19:06:18.728Z"
"608278975734611967",5000,55.09,44.91,9.28,17.76,33.57,18.84,9.42,11.13,10.09,50.12,33.35,6.15,0.29,2600,800,"49.100082,55.783671",13,"2026-09-29T19:06:19.174Z"
"608278975751389183",1600,55.1,44.9,8.18,15.5,38.34,18.93,8.28,10.77,8.71,52.37,32.64,6.28,0,2600,500,"49.100082,55.783671",13,"2026-09-29T19:06:19.559Z"
"608278975768166399",9000,51.59,48.41,8.18,14.55,39.39,18.71,8.08,11.09,8.38,44.4,35.15,11.54,0.53,6000,7000,"49.100082,55.783671",13,"2026-09-29T19:06:19.939Z"
"608278975784943615",28000,50.65,49.35,8.67,16.11,34.64,18.3,9.43,12.85,10.11,51.47,31.66,6.46,0.3,14000,6500,"49.100082,55.783671",13,"2026-09-29T19:06:20.343Z"
"608278975801720831",1800,54.9,45.1,12.19,15.37,31.61,22.35,9.58,8.9,8.08,45.76,35.9,9.91,0.35,1000,800,"49.100082,55.783671",13,"2026-09-29T19:06:20.976Z"
"608278975818498047",700,57.25,42.75,11.58,10.9,31.52,23.17,9.37,13.46,8.02,49.47,34.49,7.72,0.3,350,200,"49.100082,55.783671",13,"2026-09-29T19:06:21.368Z"
"608278975835275263",5000,58.52,41.48,7.82,12.91,37.37,21.52,11.21,9.17,6.97,42.87,38.74,10.77,0.65,900,1000,"49.100082,55.783671",13,"2026-09-29T19:06:21.751Z"
"608279006067818495",500,56.58,43.42,5.46,12.44,32.84,19.9,10.45,18.91,8.15,40.72,40.72,10.41,0,200,8500,"49.100082,55.783671",13,"2026-09-29T19:06:22.136Z"
"608279006084595711",800,52.09,47.91,10.88,15.31,30.98,16.87,10.29,15.67,11.62,46.04,33.58,8.13,0.63,600,4800,"49.100082,55.783671",13,"2026-09-29T19:06:22.668Z"
"608279006101372927",,,,,,,,,,,,,,,100,8500,"49.100082,55.783671",13,"2026-09-29T19:06:23.092Z"
"608279006118150143",2200,53.33,46.67,10.69,14.11,34.31,18.01,10.21,12.67,8.23,52.02,30.44,8.62,0.69,1400,10000,"49.100082,55.783671",13,"2026-09-29T19:06:23.696Z"
"608279006202036223",8500,51.47,48.53,8.03,15.95,44.23,18.32,6.55,6.92,8.49,48.63,33.41,9.19,0.28,4400,14000,"49.100082,55.783671",13,"2026-09-29T19:06:24.395Z"
"608279006218813439",100,77.78,22.22,0,6.67,53.33,33.33,0,6.67,5.56,44.44,44.44,5.56,0,1100,2600,"49.100082,55.783671",13,"2026-09-29T19:06:24.932Z"
"608279006235590655",350,51.8,48.2,8.13,15.79,34.45,16.99,12.44,12.2,8.68,47.51,37.09,6.07,0.65,300,150,"49.100082,55.783671",13,"2026-09-29T19:06:25.535Z"
"608279006252367871",350,55.04,44.96,9.81,10.29,34.8,19.12,9.8,16.18,7.29,51.42,31.98,8.5,0.81,350,13000,"49.100082,55.783671",13,"2026-09-29T19:06:25.943Z"
"608279006269145087",19000,53.32,46.68,10.26,15.16,42.39,20.81,6.22,5.16,9.15,50.82,32.97,6.74,0.32,12000,16000,"49.100082,55.783671",13,"2026-09-29T19:06:26.347Z"
"608279006285922303",5000,52.8,47.2,7.83,18.29,50.89,16.23,4.1,2.66,8.87,51.1,32.02,7.72,0.29,2400,2600,"49.100082,55.783671",13,"2026-09-29T19:06:26.754Z"
"608279006302699519",4600,50.32,49.68,11.15,15.35,31.59,18.57,10.86,12.48,11.16,54.86,28.17,5.46,0.35,3200,2600,"49.100082,55.783671",13,"2026-09-29T19:06:27.439Z"
"608279006353031167",,,,,,,,,,,,,,,250,8000,"49.100082,55.783671",13,"2026-09-29T19:06:27.829Z"
"608279006487248895",4800,51.87,48.13,7.99,12.42,42.44,18.75,8.9,9.5,8.76,43.13,33.43,13.86,0.82,2600,1800,"49.100082,55.783671",13,"2026-09-29T19:06:28.223Z"
"608279006554357759",9500,51.38,48.62,9.98,14.5,34.95,18.37,9.89,12.31,10.17,53.5,29.16,6.82,0.35,4800,2200,"49.100082,55.783671",13,"2026-09-29T19:06:28.709Z"
"608279006772461567",500,56.2,43.8,8.4,12.87,33.58,20.71,10.07,14.37,4.98,43.81,41.41,9.28,0.52,2400,9500,"49.100082,55.783671",13,"2026-09-29T19:06:29.067Z"
"608279006789238783",9000,51.79,48.21,12.1,14.79,38,23.83,6.87,4.41,8.73,52.32,32.59,6.15,0.21,4800,6000,"49.100082,55.783671",13,"2026-09-29T19:06:29.442Z"
"608279007409995775",12000,51.85,48.15,10.29,16.54,35.12,19.61,8.51,9.93,10.16,55.82,29.67,4.16,0.19,8500,6000,"49.100082,55.783671",13,"2026-09-29T19:06:29.848Z"
"608279007426772991",5000,50.4,49.6,10.35,12.83,36.77,19.38,9.17,11.5,9.11,46.78,35.05,8.62,0.44,1100,1400,"49.100082,55.783671",13,"2026-09-29T19:06:30.564Z"
"608279007443550207",1200,61.64,38.36,7.3,15.59,41.02,17.72,8.61,9.76,8.78,54.86,32.29,3.86,0.21,4400,4800,"49.100082,55.783671",13,"2026-09-29T19:06:31.180Z"
"608279007460327423",11000,51.27,48.73,10.04,15.03,33.64,19.75,9.14,12.4,9.08,53.05,31.11,6.56,0.2,7000,6000,"49.100082,55.783671",13,"2026-09-29T19:06:31.575Z"
"608279007477104639",,,,,,,,,,,,,,,600,2800,"49.100082,55.783671",13,"2026-09-29T19:06:31.935Z"
"608279007493881855",,,,,,,,,,,,,,,100,7000,"49.100082,55.783671",13,"2026-09-29T19:06:32.315Z"
"608279007510659071",,,,,,,,,,,,,,,2600,3200,"49.100082,55.783671",13,"2026-09-29T19:06:32.708Z"
"608279007544213503",700,53.76,46.24,11.5,15.91,31.81,20.81,8.97,11,9.3,52.56,34.26,3.88,0,600,1900,"49.100082,55.783671",13,"2026-09-29T19:06:33.400Z"
"608279007560990719",250,56,44,9.52,9.52,38.1,14.29,23.81,4.76,3.71,59.26,33.33,3.7,0,600,1500,"49.100082,55.783671",13,"2026-09-29T19:06:33.819Z"
"608279007577767935",2000,55,45,9.39,13.64,34.56,25.74,9.4,7.27,5.96,48.89,35.81,8.65,0.69,1100,4600,"49.100082,55.783671",13,"2026-09-29T19:06:34.244Z"
"608279007594545151",1000,52.79,47.21,12.52,14.22,35.6,21.02,8.77,7.87,9.41,47.32,33.28,9.58,0.41,700,2400,"49.100082,55.783671",13,"2026-09-29T19:06:34.741Z"
"608279007611322367",1800,54.88,45.12,9.1,10.39,36.36,16.88,18.18,9.09,8.33,47.62,39.29,4.76,0,150,1700,"49.100082,55.783671",13,"2026-09-29T19:06:35.141Z"
"608279007644876799",6500,52.89,47.11,10.76,14.77,33.45,19.52,10.1,11.4,8.53,50.42,33.38,7.42,0.25,2600,4600,"49.100082,55.783671",13,"2026-09-29T19:06:35.635Z"
"608279007946866687",,,,,,,,,,,,,,,,3800,"49.100082,55.783671",13,"2026-09-29T19:06:36.012Z"
"608279007980421119",,,,,,,,,,,,,,,350,600,"49.100082,55.783671",13,"2026-09-29T19:06:36.413Z"
"608279007997198335",350,57.84,42.16,11.96,9.62,35.86,16.03,8.45,18.08,8.22,45.5,37.28,8.74,0.26,900,7500,"49.100082,55.783671",13,"2026-09-29T19:06:36.796Z"
"608278969644482559",900,62.5,37.5,0,6.66,40,20,26.67,6.67,11.77,29.41,35.29,23.53,0,,4600,"49.100082,55.783671",13,"2026-09-29T19:06:37.187Z"
"608278970097467391",3200,54.23,45.77,10.87,14.98,34.23,20.15,10.19,9.58,7.98,40.07,35.57,15.22,1.16,2400,6500,"49.100082,55.783671",13,"2026-09-29T19:06:37.812Z"
"608278970114244607",,,,,,,,,,,,,,,800,8000,"49.100082,55.783671",13,"2026-09-29T19:06:38.267Z"
"608278970147799039",400,52.42,47.58,9.67,16.02,30.69,27.99,11.58,4.05,7.54,40.11,35.97,15.82,0.56,200,4800,"49.100082,55.783671",13,"2026-09-29T19:06:38.683Z"
"608278970198130687",56000,50.82,49.18,7.93,17.09,39.73,17.97,8.9,8.38,8.49,44.53,34.35,12.04,0.59,32000,12000,"49.100082,55.783671",13,"2026-09-29T19:06:39.235Z"
"608278970298793983",,,,,,,,,,,,,,,900,8000,"49.100082,55.783671",13,"2026-09-29T19:06:39.749Z"
"608278970332348415",,,,,,,,,,,,,,,200,4800,"49.100082,55.783671",13,"2026-09-29T19:06:40.491Z"
"608278969929695231",,,,,,,,,,,,,,,,6500,"49.100082,55.783671",13,"2026-09-29T19:06:40.875Z"
"608278970433011711",400,52.23,47.77,5.56,8.95,51.85,19.44,9.88,4.32,3.8,17.24,30.69,43.1,5.17,200,11000,"49.100082,55.783671",13,"2026-09-29T19:06:41.286Z"
"608278970466566143",500,58.16,41.84,5.38,8.68,43.8,22.31,11.57,8.26,4.72,24.89,37.77,30.04,2.58,600,12000,"49.100082,55.783671",13,"2026-09-29T19:06:41.683Z"
"608278974123999231",1400,53.41,46.59,9.8,14.17,38.54,19.58,8.19,9.72,7.58,50.81,34.22,7.14,0.25,1000,1300,"49.100082,55.783671",13,"2026-09-29T19:06:42.064Z"
"608278974140776447",1500,55.01,44.99,9.17,14.74,39.66,17.67,8.72,10.04,8.35,50.52,34.66,6.14,0.33,7000,6000,"49.100082,55.783671",13,"2026-09-29T19:06:42.474Z"
"608278974157553663",2600,55.72,44.28,9.85,13.3,34.34,20.79,8.84,12.88,7.55,50.7,34.19,7.17,0.39,600,250,"49.100082,55.783671",13,"2026-09-29T19:06:43.035Z"
"608278974174330879",1800,55.26,44.74,11.27,15.73,37.09,18.09,8.16,9.66,8.28,52.36,32.37,6.65,0.34,1500,700,"49.100082,55.783671",13,"2026-09-29T19:06:43.431Z"
"608278974207885311",,,,,,,,,,,,,,,150,100,"49.100082,55.783671",13,"2026-09-29T19:06:43.818Z"
"608278974224662527",250,47.88,52.12,11.03,11.69,28.57,24.03,11.69,12.99,9.04,41.57,40.36,8.43,0.6,200,100,"49.100082,55.783671",13,"2026-09-29T19:06:44.391Z"
"608278974258216959",48000,49.05,50.95,5.38,29.72,37.72,13.17,6.31,7.7,12.17,47.07,29.47,10.63,0.66,32000,30000,"49.100082,55.783671",13,"2026-09-29T19:06:45.044Z"
"608278974291771391",30000,50.69,49.31,6.73,18.01,45.79,18.71,6.51,4.25,7.86,40.8,33.98,16.54,0.82,21000,22000,"49.100082,55.783671",13,"2026-09-29T19:06:45.472Z"
"608278974308548607",66000,49.92,50.08,7.32,17.92,37.99,16.83,9.21,10.73,9.04,46.75,32.18,11.37,0.66,57000,23000,"49.100082,55.783671",13,"2026-09-29T19:06:45.938Z"
"608278974325325823",12000,51.96,48.04,7.06,21.49,42.93,15.33,6.71,6.48,9.21,48.8,29.84,11.62,0.53,16000,13000,"49.100082,55.783671",13,"2026-09-29T19:06:46.339Z"
"608278974358880255",9500,53.2,46.8,7.91,17.45,38.85,17.84,8.43,9.52,8.29,48.46,33.31,9.45,0.49,13000,10000,"49.100082,55.783671",13,"2026-09-29T19:06:46.736Z"
"608278976070156287",,,,,,,,,,,,,,,200,350,"49.100082,55.783671",13,"2026-09-29T19:06:47.139Z"
"608278976103710719",250,57.98,42.02,5.98,3.98,55.78,21.91,7.97,4.38,4.02,20.98,33.04,37.5,4.46,450,100,"49.100082,55.783671",13,"2026-09-29T19:06:47.747Z"
"608278976154042367",,,,,,,,,,,,,,,200,8000,"49.100082,55.783671",13,"2026-09-29T19:06:48.143Z"
"608278976187596799",,,,,,,,,,,,,,,250,4200,"49.100082,55.783671",13,"2026-09-29T19:06:48.527Z"
"608278976221151231",,,,,,,,,,,,,,,350,7500,"49.100082,55.783671",13,"2026-09-29T19:06:48.899Z"
"608278976556695551",800,54.55,45.45,8.73,13.61,38.72,16.15,10.95,11.84,7.48,40.99,34.14,16.44,0.95,450,200,"49.100082,55.783671",13,"2026-09-29T19:06:49.278Z"
"608278976674136063",1000,53.96,46.04,9.72,11.23,39.49,22.81,9.44,7.31,5.72,35.82,36.79,20.35,1.32,900,300,"49.100082,55.783671",13,"2026-09-29T19:06:49.658Z"
"608278976690913279",2600,53.2,46.8,6.58,12.24,44.07,24.37,6.05,6.69,5.37,35.21,35.57,22.64,1.21,1700,12000,"49.100082,55.783671",13,"2026-09-29T19:06:50.048Z"
"608278976707690495",50,50.88,49.12,7.55,9.43,43.4,22.64,9.43,7.55,12,20,36,32,0,,1400,"49.100082,55.783671",13,"2026-09-29T19:06:50.548Z"
"608278976724467711",3800,55.13,44.87,3.67,12.85,57.61,17.86,5.1,2.91,6.16,35.07,38.33,19.41,1.03,3000,1800,"49.100082,55.783671",13,"2026-09-29T19:06:50.919Z"
"608278976741244927",3400,51.91,48.09,9.39,14.37,38.36,17.09,9.45,11.34,8.48,45.05,35.74,9.98,0.75,2400,1600,"49.100082,55.783671",13,"2026-09-29T19:06:51.292Z"
"608278976758022143",4400,55.7,44.3,7.59,21.29,37.76,16.11,8.2,9.05,9.49,46.26,34.46,9.1,0.69,2800,3000,"49.100082,55.783671",13,"2026-09-29T19:06:51.680Z"
"608278976774799359",800,56.13,43.87,7.42,13.62,38.76,14.84,10.63,14.73,7.4,32.32,37.76,20.02,2.5,700,900,"49.100082,55.783671",13,"2026-09-29T19:06:52.080Z"
"608278969627705343",1300,55.5,44.5,10.79,11.8,37.85,26.82,7.81,4.93,6.92,40.53,39.71,12.43,0.41,700,250,"49.100082,55.783671",13,"2026-09-29T19:06:52.553Z"
"608278969661259775",,,,,,,,,,,,,,,1700,2200,"49.100082,55.783671",13,"2026-09-29T19:06:52.995Z"
"608278970131021823",5500,52.51,47.49,9.93,14.91,35.43,21.01,10.6,8.12,8.19,38.4,37.22,15.32,0.87,4400,3800,"49.100082,55.783671",13,"2026-09-29T19:06:53.365Z"
"608278970382680063",1200,52.28,47.72,9.62,13.51,35.13,20.84,10.42,10.48,7.93,42.45,37.11,12.1,0.41,1500,2400,"49.100082,55.783671",13,"2026-09-29T19:06:53.747Z"
"608278970449788927",3600,53.48,46.52,8.04,15.9,38.55,18.19,9.74,9.58,7.15,33.66,36.59,21.12,1.48,2800,4200,"49.100082,55.783671",13,"2026-09-29T19:06:54.207Z"
