id,title,deal,kind,district,address,lat,lon,area_m2,price_per_m2,price_month,price_total,floor,condition,power_kw,separate_entrance,food_ready,line,footfall,metro,fit,office_class,warehouse_class,ceiling_m,data_origin,price_basis,notice
sim-kzn-001,"Аренда, торговое помещение, 48 м²",rent,street_retail,Вахитовский,"Казань, улица Баумана, 42",55.7889,49.1162,48,6900,331200,,1,finish,25,True,True,1,высокая,Площадь Тукая,"кофейня, пекарня",,,,simulated,model_q1_2026_published_averages,"СИМУЛЯЦИЯ. Вымышленные объявления для MVP. Это не выгрузка Авито, ЦИАН или Росреестра. Ставки подогнаны к опубликованным средним по Казани на март 2026 года."
sim-kzn-002,"Аренда, торговое помещение, 86 м²",rent,street_retail,Вахитовский,"Казань, улица Баумана, 58",55.7904,49.1134,86,6350,546100,,1,finish,30,True,True,1,высокая,Площадь Тукая,"ресторан, магазин",,,,simulated,model_q1_2026_published_averages,"СИМУЛЯЦИЯ. Вымышленные объявления для MVP. Это не выгрузка Авито, ЦИАН или Росреестра. Ставки подогнаны к опубликованным средним по Казани на март 2026 года."
sim-kzn-003,"Аренда, торговое помещение, 64 м²",rent,street_retail,Вахитовский,"Казань, Кремлёвская улица, 21",55.7962,49.1088,64,6500,416000,,1,finish,20,True,True,1,высокая,Кремлёвская,"кофейня, сувениры",,,,simulated,model_q1_2026_published_averages,"СИМУЛЯЦИЯ. Вымышленные объявления для MVP. Это не выгрузка Авито, ЦИАН или Росреестра. Ставки подогнаны к опубликованным средним по Казани на март 2026 года."
sim-kzn-004,"Аренда, торговое помещение, 112 м²",rent,street_retail,Вахитовский,"Казань, Петербургская улица, 52",55.7876,49.1248,112,3550,397600,,1,finish,35,True,True,1,высокая,Площадь Тукая,"общепит, услуги",,,,simulated,model_q1_2026_published_averages,"СИМУЛЯЦИЯ. Вымышленные объявления для MVP. Это не выгрузка Авито, ЦИАН или Росреестра. Ставки подогнаны к опубликованным средним по Казани на март 2026 года."
sim-kzn-005,"Аренда, офис, 74 м²",rent,office,Вахитовский,"Казань, улица Пушкина, 18",55.7918,49.1236,74,2200,162800,,3,finish,10,False,False,1,средняя,Площадь Тукая,"офис услуг, студия",B+,,,simulated,model_q1_2026_published_averages,"СИМУЛЯЦИЯ. Вымышленные объявления для MVP. Это не выгрузка Авито, ЦИАН или Росреестра. Ставки подогнаны к опубликованным средним по Казани на март 2026 года."
sim-kzn-006,"Продажа, торговое помещение, 81 м²",sale,street_retail,Вахитовский,"Казань, улица Островского, 15",55.7941,49.1114,81,314000,,25434000,1,finish,22,True,True,1,высокая,Кремлёвская,"пекарня, пункт выдачи",,,,simulated,model_q1_2026_published_averages,"СИМУЛЯЦИЯ. Вымышленные объявления для MVP. Это не выгрузка Авито, ЦИАН или Росреестра. Ставки подогнаны к опубликованным средним по Казани на март 2026 года."
sim-kzn-007,"Продажа, торговое помещение, 54 м²",sale,street_retail,Вахитовский,"Казань, улица Профсоюзная, 9",55.7824,49.1216,54,445000,,24030000,1,shell,15,True,False,1,средняя,Суконная слобода,"услуги, небольшой магазин",,,,simulated,model_q1_2026_published_averages,"СИМУЛЯЦИЯ. Вымышленные объявления для MVP. Это не выгрузка Авито, ЦИАН или Росреестра. Ставки подогнаны к опубликованным средним по Казани на март 2026 года."
sim-kzn-008,"Аренда, торговое помещение, 86 м²",rent,street_retail,Ново-Савиновский,"Казань, улица Чистопольская, 15",55.8216,49.1394,86,2350,202100,,1,finish,25,True,True,1,высокая,Козья слобода,"кофейня, пекарня",,,,simulated,model_q1_2026_published_averages,"СИМУЛЯЦИЯ. Вымышленные объявления для MVP. Это не выгрузка Авито, ЦИАН или Росреестра. Ставки подогнаны к опубликованным средним по Казани на март 2026 года."
sim-kzn-009,"Аренда, торговое помещение, 128 м²",rent,street_retail,Ново-Савиновский,"Казань, проспект Ямашева, 97",55.8274,49.1518,128,2300,294400,,1,shell,30,True,False,1,высокая,Яшьлек,"магазин, общепит после ремонта",,,,simulated,model_q1_2026_published_averages,"СИМУЛЯЦИЯ. Вымышленные объявления для MVP. Это не выгрузка Авито, ЦИАН или Росреестра. Ставки подогнаны к опубликованным средним по Казани на март 2026 года."
sim-kzn-010,"Аренда, торговое помещение, 54 м²",rent,street_retail,Ново-Савиновский,"Казань, улица Четаева, 34",55.8182,49.1276,54,2400,129600,,1,finish,18,True,True,1,средняя,Козья слобода,"кофейня, пункт выдачи",,,,simulated,model_q1_2026_published_averages,"СИМУЛЯЦИЯ. Вымышленные объявления для MVP. Это не выгрузка Авито, ЦИАН или Росреестра. Ставки подогнаны к опубликованным средним по Казани на март 2026 года."
sim-kzn-011,"Продажа, торговое помещение, 83 м²",sale,street_retail,Ново-Савиновский,"Казань, улица Амирхана, 12",55.8318,49.1072,83,378000,,31374000,1,shell,20,True,False,1,средняя,Яшьлек,услуги в новом доме,,,,simulated,model_q1_2026_published_averages,"СИМУЛЯЦИЯ. Вымышленные объявления для MVP. Это не выгрузка Авито, ЦИАН или Росреестра. Ставки подогнаны к опубликованным средним по Казани на март 2026 года."
sim-kzn-012,"Продажа, торговое помещение, 72 м²",sale,street_retail,Ново-Савиновский,"Казань, улица Мусина, 6",55.8356,49.0974,72,290000,,20880000,1,shell,15,True,False,2,низкая,Северный вокзал,"кабинет, небольшая торговля",,,,simulated,model_q1_2026_published_averages,"СИМУЛЯЦИЯ. Вымышленные объявления для MVP. Это не выгрузка Авито, ЦИАН или Росреестра. Ставки подогнаны к опубликованным средним по Казани на март 2026 года."
sim-kzn-013,"Аренда, торговое помещение, 78 м²",rent,street_retail,Советский,"Казань, улица Николая Ершова, 29",55.7928,49.1774,78,2200,171600,,1,finish,28,True,True,1,высокая,Аметьево,кофейня у жилых домов,,,,simulated,model_q1_2026_published_averages,"СИМУЛЯЦИЯ. Вымышленные объявления для MVP. Это не выгрузка Авито, ЦИАН или Росреестра. Ставки подогнаны к опубликованным средним по Казани на март 2026 года."
sim-kzn-014,"Аренда, торговое помещение, 146 м²",rent,street_retail,Советский,"Казань, Сибирский тракт, 22",55.8164,49.1986,146,2050,299300,,1,finish,40,True,True,1,средняя,,"столовая, магазин у тракта",,,,simulated,model_q1_2026_published_averages,"СИМУЛЯЦИЯ. Вымышленные объявления для MVP. Это не выгрузка Авито, ЦИАН или Росреестра. Ставки подогнаны к опубликованным средним по Казани на март 2026 года."
sim-kzn-015,"Продажа, торговое помещение, 90 м²",sale,street_retail,Советский,"Казань, улица Гвардейская, 48",55.8236,49.1672,90,254000,,22860000,1,finish,20,True,True,1,средняя,,"пекарня, салон",,,,simulated,model_q1_2026_published_averages,"СИМУЛЯЦИЯ. Вымышленные объявления для MVP. Это не выгрузка Авито, ЦИАН или Росреестра. Ставки подогнаны к опубликованным средним по Казани на март 2026 года."
sim-kzn-016,"Аренда, офис, 120 м²",rent,office,Советский,"Казань, улица Патриса Лумумбы, 11",55.7848,49.1542,120,1150,138000,,4,finish,12,False,False,1,низкая,Суконная слобода,офис,B,,,simulated,model_q1_2026_published_averages,"СИМУЛЯЦИЯ. Вымышленные объявления для MVP. Это не выгрузка Авито, ЦИАН или Росреестра. Ставки подогнаны к опубликованным средним по Казани на март 2026 года."
sim-kzn-017,"Аренда, торговое помещение, 92 м²",rent,street_retail,Приволжский,"Казань, улица Рихарда Зорге, 66",55.7596,49.1874,92,2050,188600,,1,finish,25,True,True,1,высокая,Горки,"кофейня, пункт выдачи",,,,simulated,model_q1_2026_published_averages,"СИМУЛЯЦИЯ. Вымышленные объявления для MVP. Это не выгрузка Авито, ЦИАН или Росреестра. Ставки подогнаны к опубликованным средним по Казани на март 2026 года."
sim-kzn-018,"Аренда, торговое помещение, 168 м²",rent,street_retail,Приволжский,"Казань, проспект Победы, 58",55.7482,49.2076,168,1650,277200,,1,finish,35,True,True,1,высокая,Проспект Победы,"магазин, общепит",,,,simulated,model_q1_2026_published_averages,"СИМУЛЯЦИЯ. Вымышленные объявления для MVP. Это не выгрузка Авито, ЦИАН или Росреестра. Ставки подогнаны к опубликованным средним по Казани на март 2026 года."
sim-kzn-019,"Продажа, торговое помещение, 84 м²",sale,street_retail,Приволжский,"Казань, улица Академика Парина, 7",55.7434,49.1848,84,299000,,25116000,1,shell,18,True,False,1,средняя,Горки,услуги в новом доме,,,,simulated,model_q1_2026_published_averages,"СИМУЛЯЦИЯ. Вымышленные объявления для MVP. Это не выгрузка Авито, ЦИАН или Росреестра. Ставки подогнаны к опубликованным средним по Казани на март 2026 года."
sim-kzn-020,"Аренда, торговое помещение, 70 м²",rent,street_retail,Московский,"Казань, улица Декабристов, 120",55.8238,49.0614,70,1700,119000,,1,finish,20,True,True,1,средняя,Яшьлек,"пекарня, салон",,,,simulated,model_q1_2026_published_averages,"СИМУЛЯЦИЯ. Вымышленные объявления для MVP. Это не выгрузка Авито, ЦИАН или Росреестра. Ставки подогнаны к опубликованным средним по Казани на март 2026 года."
sim-kzn-021,"Аренда, торговое помещение, 220 м²",rent,street_retail,Московский,"Казань, улица Волкова, 40",55.8276,49.0772,220,1350,297000,,1,finish,40,True,False,1,средняя,Северный вокзал,магазин у дома,,,,simulated,model_q1_2026_published_averages,"СИМУЛЯЦИЯ. Вымышленные объявления для MVP. Это не выгрузка Авито, ЦИАН или Росреестра. Ставки подогнаны к опубликованным средним по Казани на март 2026 года."
sim-kzn-022,"Аренда, торговое помещение, 88 м²",rent,street_retail,Кировский,"Казань, улица Краснококшайская, 85",55.8114,49.0446,88,1300,114400,,1,finish,18,True,True,1,средняя,,"кафе, продукты",,,,simulated,model_q1_2026_published_averages,"СИМУЛЯЦИЯ. Вымышленные объявления для MVP. Это не выгрузка Авито, ЦИАН или Росреестра. Ставки подогнаны к опубликованным средним по Казани на март 2026 года."
sim-kzn-023,"Продажа, торговое помещение, 62 м²",sale,street_retail,Кировский,"Казань, улица Большая Крыловка, 15",55.8016,48.9984,62,160000,,9920000,1,finish,15,True,True,1,низкая,,небольшой общепит,,,,simulated,model_q1_2026_published_averages,"СИМУЛЯЦИЯ. Вымышленные объявления для MVP. Это не выгрузка Авито, ЦИАН или Росреестра. Ставки подогнаны к опубликованным средним по Казани на март 2026 года."
sim-kzn-024,"Аренда, торговое помещение, 96 м²",rent,street_retail,Авиастроительный,"Казань, улица Копылова, 12",55.8618,49.0946,96,1150,110400,,1,finish,20,True,True,1,средняя,Авиастроительная,"кофейня, пункт выдачи",,,,simulated,model_q1_2026_published_averages,"СИМУЛЯЦИЯ. Вымышленные объявления для MVP. Это не выгрузка Авито, ЦИАН или Росреестра. Ставки подогнаны к опубликованным средним по Казани на март 2026 года."
sim-kzn-025,"Аренда, торговое помещение, 58 м²",rent,street_retail,Авиастроительный,"Казань, Ленинградская улица, 22",55.8546,49.1018,58,850,49300,,1,finish,15,True,False,2,низкая,Авиастроительная,"услуги, кабинет",,,,simulated,model_q1_2026_published_averages,"СИМУЛЯЦИЯ. Вымышленные объявления для MVP. Это не выгрузка Авито, ЦИАН или Росреестра. Ставки подогнаны к опубликованным средним по Казани на март 2026 года."
sim-kzn-026,"Продажа, торговое помещение, 80 м²",sale,street_retail,Авиастроительный,"Казань, Беломорская улица, 4",55.8672,49.0776,80,146000,,11680000,1,finish,18,True,True,1,средняя,Авиастроительная,магазин у дома,,,,simulated,model_q1_2026_published_averages,"СИМУЛЯЦИЯ. Вымышленные объявления для MVP. Это не выгрузка Авито, ЦИАН или Росреестра. Ставки подогнаны к опубликованным средним по Казани на март 2026 года."
sim-kzn-027,"Аренда, офис, 160 м²",rent,office,Ново-Савиновский,"Казань, улица Чистопольская, 44",55.8194,49.1488,160,1200,192000,,6,finish,15,False,False,1,низкая,Козья слобода,офис,B,,,simulated,model_q1_2026_published_averages,"СИМУЛЯЦИЯ. Вымышленные объявления для MVP. Это не выгрузка Авито, ЦИАН или Росреестра. Ставки подогнаны к опубликованным средним по Казани на март 2026 года."
sim-kzn-028,"Аренда, склад, 480 м²",rent,warehouse,Приволжский,"Казань, улица Тэцевская, 9",55.7368,49.1624,480,730,350400,,1,finish,80,True,False,1,низкая,,"склад, лёгкое производство",,B,6,simulated,model_q1_2026_published_averages,"СИМУЛЯЦИЯ. Вымышленные объявления для MVP. Это не выгрузка Авито, ЦИАН или Росреестра. Ставки подогнаны к опубликованным средним по Казани на март 2026 года."
sim-kzn-029,"Аренда, склад, 1200 м²",rent,warehouse,Приволжский,"Казань, Оренбургский тракт, 158",55.7512,49.2314,1200,1450,1740000,,1,finish,150,True,False,1,низкая,,склад класса A,,A,12,simulated,model_q1_2026_published_averages,"СИМУЛЯЦИЯ. Вымышленные объявления для MVP. Это не выгрузка Авито, ЦИАН или Росреестра. Ставки подогнаны к опубликованным средним по Казани на март 2026 года."
